{
  "T_seconds": 9.455000000016298,
  "MinC": {
    "axis1": 11.343826265567499,
    "axis2": 24.567595268153628,
    "axis3": 19.659363741319822,
    "axis4": 7.2060023250426966,
    "axis5": 8.516996158758166,
    "axis6": 9.469247153402463,
    "axis7": 7.232741190149831,
    "axis8": 3.136178541982043
  },
  "MaxC": {
    "axis1": 20.026619426558103,
    "axis2": 39.45093525815368,
    "axis3": 27.697358821767182,
    "axis4": 11.713580205131063,
    "axis5": 14.036251492053632,
    "axis6": 14.36785587524168,
    "axis7": 7.247292667434606,
    "axis8": 4.077765126616697
  }
}